[
    {
        "status": "released", 
        "submitted_by": "986b362f-4eb6-4a9c-8173-3ab267307e3a", 
        "modifications": [], 
        "uuid": "f8ddbc70-a311-490b-b0ef-7549868a059c", 
        "description": "Castx129 male mouse hybrid ES cells - clone F123.  Maternal 129/Sv, Paternal CAST", 
        "SOP_cell_line": "1d39b581-9200-4494-8b24-3dc77d595bbb", 
        "biosource_vendor": "b5770c30-923d-4f04-b486-f6bfdab6f89d", 
        "accession": "4DNSRTNKUDSA", 
        "lab": "828cd4fe-ebb0-4b36-a94a-d2e3a36cc989", 
        "biosource_type": "stem cell derived cell line", 
        "individual": "9eb64afa-705f-4710-a298-32ad67764d14", 
        "references": [], 
        "award": "b0b9c607-f8b4-4f02-93f4-9895b461334b", 
        "alternate_accessions": [], 
        "public_release": "2017-04-10T01:14:07.548943+00:00", 
        "cell_line": "111202bc-8535-4448-903e-854af460a233", 
        "date_created": "2017-04-10T01:14:07.548943+00:00", 
        "aliases": [
            "dcic:f123castx129T2"
        ], 
        "cell_line_tier": "Tier 2", 
        "schema_version": "2"
    }
]