[
    {
        "status": "released", 
        "submitted_by": "da4f53e5-4e54-4ae7-ad75-ba47316a8bfa", 
        "construct_vendor": "e909af70-74cb-426a-8ecf-1c9100c1ea44", 
        "description": "A Crispr/CAS9 targeting construct containing 3 mouse genomic DNA sequences to target insertion of an AID tag into the 3' of the mouse CTCF coding sequence.", 
        "url": "https://benchling.com/s/seq-1R4nJ8quYptUqerRWSdX", 
        "construct_type": "crispr construct", 
        "uuid": "f5c57856-69bd-4441-bd9f-f7c29e83f528", 
        "lab": "795847de-20b6-4f8c-ba8d-185215469cbf", 
        "name": "CTCF-mouse-3sgRNA-CRISPRexp-AID", 
        "aliases": [
            "ren:CTCF-mouse-3sgRNA-CRISPRexp-AID"
        ], 
        "award": "4871e338-b07d-4665-a00a-357648e5bad6", 
        "public_release": "2018-05-31", 
        "date_created": "2018-05-27T04:45:57.828774+00:00", 
        "designed_to_target": "mouse CTCF", 
        "schema_version": "1"
    }, 
    {
        "status": "released", 
        "submitted_by": "da4f53e5-4e54-4ae7-ad75-ba47316a8bfa", 
        "construct_vendor": "e909af70-74cb-426a-8ecf-1c9100c1ea44", 
        "description": "A Crispr/CAS9 donor vector contain the Auxin Inducible Degron sequence and a Neomycin Resistance gene flanked by mouse CTCF CDS sequences.", 
        "protein_tags": [
            "AID"
        ], 
        "url": "https://benchling.com/s/seq-LtJu9OTscKJNCEMOk8ok", 
        "construct_type": "tagging construct", 
        "schema_version": "1", 
        "name": "mCTCF24-AID-donor-Neo", 
        "aliases": [
            "ren:mCTCF24-AID-donor-Neo"
        ], 
        "award": "4871e338-b07d-4665-a00a-357648e5bad6", 
        "lab": "795847de-20b6-4f8c-ba8d-185215469cbf", 
        "public_release": "2018-05-31", 
        "date_created": "2018-05-27T04:45:58.787800+00:00", 
        "designed_to_target": "mouse CTCF", 
        "uuid": "f9493a79-d5c7-44a0-a903-f5487fc0e698"
    }, 
    {
        "status": "released", 
        "submitted_by": "da4f53e5-4e54-4ae7-ad75-ba47316a8bfa", 
        "construct_vendor": "e909af70-74cb-426a-8ecf-1c9100c1ea44", 
        "description": "A Lentiviral vector designed to allow integration and selection of the TIR1 gene.", 
        "protein_tags": [
            "Myc"
        ], 
        "url": "https://benchling.com/s/seq-6wSCsW3Kr9S1igXZ8H9K", 
        "construct_type": "retroviral construct", 
        "schema_version": "1", 
        "name": "Lentiv4-EFsp-Puro-2A-TIR1-9Myc", 
        "award": "4871e338-b07d-4665-a00a-357648e5bad6", 
        "lab": "795847de-20b6-4f8c-ba8d-185215469cbf", 
        "public_release": "2018-05-31", 
        "date_created": "2018-05-27T04:45:59.693721+00:00", 
        "aliases": [
            "ren:Lentiv4-EFsp-Puro-2A-TIR1-9Myc"
        ], 
        "uuid": "6fbccf4c-56fc-4003-bb06-912b94f88858"
    }
]