[
    {
        "status": "released", 
        "submitted_by": "da4f53e5-4e54-4ae7-ad75-ba47316a8bfa", 
        "processed_files": [
            "46a49b5d-f185-4e98-8747-c31a904bbc2f", 
            "93df02c6-1047-43f6-afae-d3598b61eeea", 
            "ef0eba47-ada0-42bc-9329-5145b57ff33a"
        ], 
        "experimentset_type": "replicate", 
        "description": "Replicates of untreated F123 CAST X 129 mouse cells containing a genomically modified AID-tagged CTCF prepared for in situ Hi-C", 
        "schema_version": "2", 
        "experiments_in_set": [
            "c6159041-a5d2-4a7c-af80-a0ff973ce149", 
            "77ec51e4-1d4b-4718-b9b3-a6ccefde43af"
        ], 
        "completed_processes": [
            "HiC_Pipeline_0.2.5"
        ], 
        "replicate_exps": [
            {
                "replicate_exp": "c6159041-a5d2-4a7c-af80-a0ff973ce149", 
                "bio_rep_no": 1, 
                "tec_rep_no": 1
            }, 
            {
                "replicate_exp": "77ec51e4-1d4b-4718-b9b3-a6ccefde43af", 
                "bio_rep_no": 2, 
                "tec_rep_no": 1
            }
        ], 
        "accession": "4DNESKKSKG7Y", 
        "award": "4871e338-b07d-4665-a00a-357648e5bad6", 
        "lab": "795847de-20b6-4f8c-ba8d-185215469cbf", 
        "public_release": "2018-05-31", 
        "date_created": "2018-05-27T04:58:10.980829+00:00", 
        "aliases": [
            "ren:untreated_F123AIDCTCF_repset"
        ], 
        "uuid": "6f052613-bdb4-4349-8444-0a743051b3d2"
    }, 
    {
        "status": "released", 
        "submitted_by": "da4f53e5-4e54-4ae7-ad75-ba47316a8bfa", 
        "uuid": "98306c0d-fd1d-479b-b2d7-894c4d5d0ad4", 
        "experimentset_type": "replicate", 
        "description": "Replicates of F123 CAST X 129 mouse cells containing a genomically modified AID-tagged CTCF treated with Auxin for 24 hours and then prepared for in situ Hi-C", 
        "aliases": [
            "ren:24h_F123AIDCTCF_repset"
        ], 
        "replicate_exps": [
            {
                "replicate_exp": "d34b2505-bd84-45dd-9df7-f6340ec28b56", 
                "bio_rep_no": 1, 
                "tec_rep_no": 1
            }, 
            {
                "replicate_exp": "4a3044c1-8b05-47a4-ae73-49cf9aa59053", 
                "bio_rep_no": 2, 
                "tec_rep_no": 1
            }
        ], 
        "public_release": "2018-05-31", 
        "accession": "4DNESQMM4EBN", 
        "lab": "795847de-20b6-4f8c-ba8d-185215469cbf", 
        "award": "4871e338-b07d-4665-a00a-357648e5bad6", 
        "completed_processes": [
            "HiC_Pipeline_0.2.5"
        ], 
        "experiments_in_set": [
            "d34b2505-bd84-45dd-9df7-f6340ec28b56", 
            "4a3044c1-8b05-47a4-ae73-49cf9aa59053"
        ], 
        "date_created": "2018-05-27T04:58:11.808272+00:00", 
        "processed_files": [
            "b2cfe4dd-561c-4ac8-96da-16dcdb569f6b", 
            "5b480cb9-a80d-477b-a802-31077e25a993", 
            "054197e4-e715-404a-85ac-713a80209ce8"
        ], 
        "schema_version": "2"
    }, 
    {
        "status": "released", 
        "submitted_by": "da4f53e5-4e54-4ae7-ad75-ba47316a8bfa", 
        "experimentset_type": "replicate", 
        "description": "Replicates of F123 CAST X 129 mouse cells containing a genomically modified AID-tagged CTCF treated with Auxin for 48 hours and then prepared for in situ Hi-C", 
        "experiments_in_set": [
            "f048f178-131e-49f3-a393-5e265c90fa2d", 
            "7a32bd32-c447-44f3-8ea8-4ef76c04c9bc"
        ], 
        "replicate_exps": [
            {
                "replicate_exp": "f048f178-131e-49f3-a393-5e265c90fa2d", 
                "bio_rep_no": 1, 
                "tec_rep_no": 1
            }, 
            {
                "replicate_exp": "7a32bd32-c447-44f3-8ea8-4ef76c04c9bc", 
                "bio_rep_no": 2, 
                "tec_rep_no": 1
            }
        ], 
        "accession": "4DNESWDLDMGN", 
        "completed_processes": [
            "HiC_Pipeline_0.2.5"
        ], 
        "aliases": [
            "ren:48h_F123AIDCTCF_repset"
        ], 
        "award": "4871e338-b07d-4665-a00a-357648e5bad6", 
        "schema_version": "2", 
        "public_release": "2018-05-31", 
        "lab": "795847de-20b6-4f8c-ba8d-185215469cbf", 
        "date_created": "2018-05-27T04:58:12.705467+00:00", 
        "processed_files": [
            "5742cf29-7b84-4bee-a34d-3474bfe905b4", 
            "77da562e-d0ec-45a8-8764-14fa16d995a1", 
            "5b5f17be-a7b5-4c60-a1f3-37fd4d31b6a2"
        ], 
        "uuid": "e0ff3dd1-0bc7-4c10-9976-95bbbe627277"
    }, 
    {
        "status": "released", 
        "submitted_by": "da4f53e5-4e54-4ae7-ad75-ba47316a8bfa", 
        "experimentset_type": "replicate", 
        "uuid": "5dea39d8-4fb8-44d8-a3ea-f947e7010ebe", 
        "schema_version": "2", 
        "experiments_in_set": [
            "9127e693-bf95-4811-90d3-93e3e0afb785", 
            "37b9c26c-52f8-4cfa-98e9-cd830ecaa03c"
        ], 
        "completed_processes": [
            "HiC_Pipeline_0.2.5"
        ], 
        "replicate_exps": [
            {
                "replicate_exp": "9127e693-bf95-4811-90d3-93e3e0afb785", 
                "bio_rep_no": 1, 
                "tec_rep_no": 1
            }, 
            {
                "replicate_exp": "37b9c26c-52f8-4cfa-98e9-cd830ecaa03c", 
                "bio_rep_no": 2, 
                "tec_rep_no": 1
            }
        ], 
        "accession": "4DNES1QUXG92", 
        "award": "4871e338-b07d-4665-a00a-357648e5bad6", 
        "aliases": [
            "ren:96h_F123AIDCTCF_repset"
        ], 
        "lab": "795847de-20b6-4f8c-ba8d-185215469cbf", 
        "public_release": "2018-05-31", 
        "date_created": "2018-05-27T04:58:13.611354+00:00", 
        "processed_files": [
            "8ed69ed6-724b-48b7-8ee2-66b471ff90a5", 
            "8c380474-12cd-41f4-b86f-2a29faf12eec", 
            "dc61dac6-14ae-46e5-8482-1323d32ee00c"
        ], 
        "description": "Replicates of F123 CAST X 129 mouse cells containing a genomically modified AID-tagged CTCF treated with Auxin for 96 hours and then prepared for in situ Hi-C"
    }
]