[
    {
        "status": "uploaded", 
        "submitted_by": "986b362f-4eb6-4a9c-8173-3ab267307e3a", 
        "dbxrefs": [], 
        "uuid": "4a6d10ee-2edb-4402-a98f-0edb1d58f5e1", 
        "file_format": "bwaIndex", 
        "file_size": 3046623232, 
        "accession": "4DNFI823LSI8", 
        "lab": "828cd4fe-ebb0-4b36-a94a-d2e3a36cc989", 
        "filename": "mm10.bwaIndex.tgz", 
        "content_md5sum": "babb81ff92f584308aad82bb3f39b9a0", 
        "file_classification": "ancillary file", 
        "award": "b0b9c607-f8b4-4f02-93f4-9895b461334b", 
        "alternate_accessions": [], 
        "public_release": "2018-06-12", 
        "date_created": "2017-05-26T15:56:38.972908+00:00", 
        "aliases": [], 
        "extra_files": [], 
        "schema_version": "1"
    }, 
    {
        "status": "uploaded", 
        "submitted_by": "986b362f-4eb6-4a9c-8173-3ab267307e3a", 
        "uuid": "bd0784a5-2a3d-42f0-ba9c-d9b3dc0539c6", 
        "file_format": "chromsizes", 
        "notes": "reference genome chrom.sizes for mm10, autosomes and sex chromosomes only", 
        "file_size": 320, 
        "accession": "4DNFI3UBJ3HZ", 
        "lab": "828cd4fe-ebb0-4b36-a94a-d2e3a36cc989", 
        "filename": "mm10.mainonly.chrom.sizes", 
        "content_md5sum": "6569b914b84264f07c8e0a3a668cc6cb", 
        "file_classification": "ancillary file", 
        "award": "b0b9c607-f8b4-4f02-93f4-9895b461334b", 
        "public_release": "2018-06-12", 
        "date_created": "2018-04-06T19:30:51.280285+00:00", 
        "aliases": [], 
        "schema_version": "1"
    }, 
    {
        "status": "uploaded", 
        "submitted_by": "986b362f-4eb6-4a9c-8173-3ab267307e3a", 
        "uuid": "cb3c293b-b5fe-4f47-9373-a29399ea1edc", 
        "file_format": "juicer_format_restriction_site_file", 
        "notes": "restriction sites for MboI on hg38, juicer-formatted", 
        "file_size": 61438460, 
        "accession": "4DNFI0NK4G14", 
        "schema_version": "1", 
        "filename": "mm10_MboI.txt", 
        "file_classification": "ancillary file", 
        "award": "b0b9c607-f8b4-4f02-93f4-9895b461334b", 
        "lab": "828cd4fe-ebb0-4b36-a94a-d2e3a36cc989", 
        "public_release": "2018-06-12", 
        "date_created": "2018-05-04T20:40:11.978893+00:00", 
        "aliases": []
    }
]