[
    {
        "status": "released", 
        "submitted_by": "da4f53e5-4e54-4ae7-ad75-ba47316a8bfa", 
        "uuid": "3e1a8cc4-4a03-4b10-b039-112e529136f6", 
        "start_coordinate": 105681610, 
        "public_release": "2018-05-31", 
        "lab": "795847de-20b6-4f8c-ba8d-185215469cbf", 
        "location_description": "This is the position in the mouse CTCF gene CDS targeted for insertion of the AID tag.", 
        "award": "4871e338-b07d-4665-a00a-357648e5bad6", 
        "genome_assembly": "GRCm38", 
        "date_created": "2018-05-27T04:46:03.878476+00:00", 
        "end_coordinate": 105681611, 
        "aliases": [
            "ren:AIDinCTCF_location"
        ], 
        "chromosome": "8", 
        "schema_version": "1"
    }
]