[
    {
        "status": "current", 
        "city": "Boston", 
        "fax": "000-000-0000", 
        "institute_name": "Harvard Medical School", 
        "name": "4dn-dcic-lab", 
        "address1": "Biomedical Infomatics", 
        "submitted_by": "986b362f-4eb6-4a9c-8173-3ab267307e3a", 
        "phone2": "000-000-0000", 
        "country": "USA", 
        "address2": "10 Schattuck Street", 
        "phone1": "000-000-0000", 
        "schema_version": "1", 
        "postal_code": "02115", 
        "state": "MA", 
        "awards": [
            "b0b9c607-f8b4-4f02-93f4-9895b461334b"
        ], 
        "title": "4DN DCIC Lab, HMS", 
        "institute_label": "HMS", 
        "date_created": "2017-04-07T19:56:09.652127+00:00", 
        "pi": "986b362f-4eb6-4a9c-8173-3ab267307e3a", 
        "uuid": "828cd4fe-ebb0-4b36-a94a-d2e3a36cc989"
    }, 
    {
        "status": "current", 
        "city": "", 
        "fax": "", 
        "institute_name": "", 
        "name": "bing-ren-lab", 
        "submitted_by": "986b362f-4eb6-4a9c-8173-3ab267307e3a", 
        "phone2": "", 
        "country": "", 
        "phone1": "", 
        "schema_version": "1", 
        "postal_code": "", 
        "state": "", 
        "awards": [
            "4871e338-b07d-4665-a00a-357648e5bad6", 
            "1dbecc95-ec91-4081-a862-c79d18a8d0bd"
        ], 
        "title": "Bing Ren, UCSD", 
        "address1": "", 
        "date_created": "2017-04-08T13:01:38.072587+00:00", 
        "pi": "e3159ffc-a5a9-43a1-8cfa-90b776c39788", 
        "institute_label": "UCSD", 
        "uuid": "795847de-20b6-4f8c-ba8d-185215469cbf"
    }
]