[
    {
        "status": "released", 
        "submitted_by": "da4f53e5-4e54-4ae7-ad75-ba47316a8bfa", 
        "description": "The Crispr/CAS9 system was used to insert an AID sequence and Neomycin resistance gene into the C-terminal region of the CDS of the mouse CTCF coding gene", 
        "genomic_change": "insertion", 
        "modified_regions": [
            "3e1a8cc4-4a03-4b10-b039-112e529136f6"
        ], 
        "constructs": [
            "f5c57856-69bd-4441-bd9f-f7c29e83f528", 
            "f9493a79-d5c7-44a0-a903-f5487fc0e698"
        ], 
        "uuid": "611a9b95-8d81-40bc-9a16-1d13c01708fe", 
        "lab": "795847de-20b6-4f8c-ba8d-185215469cbf", 
        "schema_version": "1", 
        "award": "4871e338-b07d-4665-a00a-357648e5bad6", 
        "public_release": "2018-05-31", 
        "date_created": "2018-05-27T04:46:06.035734+00:00", 
        "modification_type": "Crispr", 
        "aliases": [
            "renlab:aid-tagged-ctcf"
        ], 
        "created_by": "e909af70-74cb-426a-8ecf-1c9100c1ea44", 
        "target_of_mod": "4042d90e-9805-4819-bb05-6bf2ce3eda05"
    }, 
    {
        "status": "released", 
        "submitted_by": "da4f53e5-4e54-4ae7-ad75-ba47316a8bfa", 
        "description": "Integration of a lentiviral vector containing TIR1 encoding sequences was performed by lentivirus production/infection/selection.", 
        "genomic_change": "insertion", 
        "created_by": "e909af70-74cb-426a-8ecf-1c9100c1ea44", 
        "constructs": [
            "6fbccf4c-56fc-4003-bb06-912b94f88858"
        ], 
        "uuid": "185be935-a30d-44e6-af70-ddea9f3d061b", 
        "lab": "795847de-20b6-4f8c-ba8d-185215469cbf", 
        "award": "4871e338-b07d-4665-a00a-357648e5bad6", 
        "public_release": "2018-05-31", 
        "date_created": "2018-05-27T04:46:06.922829+00:00", 
        "modification_type": "Stable Transfection", 
        "aliases": [
            "renlab:tir1-expresser"
        ], 
        "schema_version": "1"
    }
]