[
    {
        "status": "released", 
        "submitted_by": "986b362f-4eb6-4a9c-8173-3ab267307e3a", 
        "Total reads": 425952454, 
        "aliases": [], 
        "uuid": "d048c98a-a370-4750-8356-e14b3f05d18a", 
        "slope": -0.77, 
        "url": "https://s3.amazonaws.com/elasticbeanstalk-fourfront-webprod-wfoutput/4DNFICLCWWLH/pairsqc_report.html", 
        "lab": "828cd4fe-ebb0-4b36-a94a-d2e3a36cc989", 
        "Trans reads": 49699926, 
        "overall_quality_status": "PASS", 
        "% Long-range intrachromosomal reads": 48.028, 
        "award": "b0b9c607-f8b4-4f02-93f4-9895b461334b", 
        "Cis reads (>20kb)": 204577296, 
        "public_release": "2018-06-25", 
        "convergence": "Good", 
        "date_created": "2018-06-22T22:42:20.378358+00:00", 
        "Cis/Trans ratio": 80.454, 
        "Short cis reads (<20kb)": 171675232, 
        "schema_version": "1"
    }, 
    {
        "status": "released", 
        "submitted_by": "986b362f-4eb6-4a9c-8173-3ab267307e3a", 
        "Total reads": 646648634, 
        "aliases": [], 
        "uuid": "0397bc5c-1a4f-4370-959b-f39407d7e438", 
        "slope": -0.8, 
        "overall_quality_status": "PASS", 
        "lab": "828cd4fe-ebb0-4b36-a94a-d2e3a36cc989", 
        "Trans reads": 87963803, 
        "url": "https://s3.amazonaws.com/elasticbeanstalk-fourfront-webprod-wfoutput/4DNFIBDZ8KDQ/pairsqc_report.html", 
        "% Long-range intrachromosomal reads": 62.01, 
        "award": "b0b9c607-f8b4-4f02-93f4-9895b461334b", 
        "Cis reads (>20kb)": 400984709, 
        "public_release": "2018-06-25", 
        "convergence": "Good", 
        "date_created": "2018-06-23T04:03:48.274246+00:00", 
        "Cis/Trans ratio": 82.01, 
        "Short cis reads (<20kb)": 157700122, 
        "schema_version": "1"
    }, 
    {
        "status": "released", 
        "submitted_by": "986b362f-4eb6-4a9c-8173-3ab267307e3a", 
        "Total reads": 220764834, 
        "Short cis reads (<20kb)": 161272723, 
        "uuid": "8ce03740-0cd3-4469-9b86-a89bbe4afb46", 
        "slope": -0.77, 
        "schema_version": "1", 
        "overall_quality_status": "PASS", 
        "award": "b0b9c607-f8b4-4f02-93f4-9895b461334b", 
        "Trans reads": 20603182, 
        "url": "https://s3.amazonaws.com/elasticbeanstalk-fourfront-webprod-wfoutput/4DNFIYRP9RLI/pairsqc_report.html", 
        "% Long-range intrachromosomal reads": 17.616, 
        "Cis reads (>20kb)": 38888929, 
        "public_release": "2018-06-25", 
        "convergence": "Not converged", 
        "date_created": "2018-06-22T18:33:42.204824+00:00", 
        "Cis/Trans ratio": 65.368, 
        "lab": "828cd4fe-ebb0-4b36-a94a-d2e3a36cc989", 
        "aliases": []
    }, 
    {
        "status": "released", 
        "submitted_by": "986b362f-4eb6-4a9c-8173-3ab267307e3a", 
        "Total reads": 149256356, 
        "Short cis reads (<20kb)": 41522858, 
        "uuid": "9c40b49b-643f-4776-935a-a6f1d87fcb75", 
        "slope": -0.74, 
        "schema_version": "1", 
        "overall_quality_status": "PASS", 
        "award": "b0b9c607-f8b4-4f02-93f4-9895b461334b", 
        "Trans reads": 16274013, 
        "url": "https://s3.amazonaws.com/elasticbeanstalk-fourfront-webprod-wfoutput/4DNFIVPADLI2/pairsqc_report.html", 
        "% Long-range intrachromosomal reads": 61.277, 
        "Cis reads (>20kb)": 91459485, 
        "public_release": "2018-06-25", 
        "convergence": "Good", 
        "date_created": "2018-06-22T18:24:18.824264+00:00", 
        "Cis/Trans ratio": 84.894, 
        "lab": "828cd4fe-ebb0-4b36-a94a-d2e3a36cc989", 
        "aliases": []
    }, 
    {
        "status": "released", 
        "submitted_by": "986b362f-4eb6-4a9c-8173-3ab267307e3a", 
        "Total reads": 370021190, 
        "aliases": [], 
        "uuid": "a194ac70-afc3-4dff-9f9c-becf221dec91", 
        "slope": -0.75, 
        "url": "https://s3.amazonaws.com/elasticbeanstalk-fourfront-webprod-wfoutput/4DNFI3Y5YTC6/pairsqc_report.html", 
        "lab": "828cd4fe-ebb0-4b36-a94a-d2e3a36cc989", 
        "Trans reads": 36877195, 
        "overall_quality_status": "PASS", 
        "% Long-range intrachromosomal reads": 35.227, 
        "award": "b0b9c607-f8b4-4f02-93f4-9895b461334b", 
        "Cis reads (>20kb)": 130348414, 
        "public_release": "2018-06-25", 
        "convergence": "Good", 
        "date_created": "2018-06-22T21:22:45.347546+00:00", 
        "Cis/Trans ratio": 77.948, 
        "Short cis reads (<20kb)": 202795581, 
        "schema_version": "1"
    }, 
    {
        "status": "released", 
        "submitted_by": "986b362f-4eb6-4a9c-8173-3ab267307e3a", 
        "Total reads": 276670592, 
        "aliases": [], 
        "uuid": "93451a27-04ea-4d62-84b9-b6c22253d0b2", 
        "slope": -0.77, 
        "overall_quality_status": "PASS", 
        "lab": "828cd4fe-ebb0-4b36-a94a-d2e3a36cc989", 
        "Trans reads": 42026943, 
        "url": "https://s3.amazonaws.com/elasticbeanstalk-fourfront-webprod-wfoutput/4DNFIKYF3V7I/pairsqc_report.html", 
        "% Long-range intrachromosomal reads": 45.701, 
        "award": "b0b9c607-f8b4-4f02-93f4-9895b461334b", 
        "Cis reads (>20kb)": 126440911, 
        "public_release": "2018-06-25", 
        "convergence": "Good", 
        "date_created": "2018-06-22T19:13:56.537018+00:00", 
        "Cis/Trans ratio": 75.053, 
        "Short cis reads (<20kb)": 108202738, 
        "schema_version": "1"
    }, 
    {
        "status": "released", 
        "submitted_by": "986b362f-4eb6-4a9c-8173-3ab267307e3a", 
        "Total reads": 237427131, 
        "aliases": [], 
        "uuid": "6616d374-32bd-46a4-b8b3-5d12fe4e995c", 
        "slope": -0.81, 
        "url": "https://s3.amazonaws.com/elasticbeanstalk-fourfront-webprod-wfoutput/4DNFIVMRIR5H/pairsqc_report.html", 
        "lab": "828cd4fe-ebb0-4b36-a94a-d2e3a36cc989", 
        "Trans reads": 34039528, 
        "overall_quality_status": "PASS", 
        "% Long-range intrachromosomal reads": 59.732, 
        "award": "b0b9c607-f8b4-4f02-93f4-9895b461334b", 
        "Cis reads (>20kb)": 141819038, 
        "public_release": "2018-06-25", 
        "convergence": "Good", 
        "date_created": "2018-06-22T18:34:35.744518+00:00", 
        "Cis/Trans ratio": 80.644, 
        "Short cis reads (<20kb)": 61568565, 
        "schema_version": "1"
    }, 
    {
        "status": "released", 
        "submitted_by": "986b362f-4eb6-4a9c-8173-3ab267307e3a", 
        "Total reads": 514097723, 
        "Short cis reads (<20kb)": 169771303, 
        "uuid": "5c24f96b-0d09-4d2d-8661-cac7f2d7eb0e", 
        "slope": -0.79, 
        "schema_version": "1", 
        "overall_quality_status": "PASS", 
        "award": "b0b9c607-f8b4-4f02-93f4-9895b461334b", 
        "Trans reads": 76066471, 
        "url": "https://s3.amazonaws.com/elasticbeanstalk-fourfront-webprod-wfoutput/4DNFIDHNCVEM/pairsqc_report.html", 
        "% Long-range intrachromosomal reads": 52.181, 
        "Cis reads (>20kb)": 268259949, 
        "public_release": "2018-06-25", 
        "convergence": "Good", 
        "date_created": "2018-06-22T23:53:01.239924+00:00", 
        "Cis/Trans ratio": 77.909, 
        "lab": "828cd4fe-ebb0-4b36-a94a-d2e3a36cc989", 
        "aliases": []
    }, 
    {
        "status": "released", 
        "submitted_by": "986b362f-4eb6-4a9c-8173-3ab267307e3a", 
        "Total reads": 326148794, 
        "aliases": [], 
        "uuid": "8a5c7242-1f68-44bb-88a6-57595a7397e0", 
        "slope": -0.78, 
        "overall_quality_status": "PASS", 
        "lab": "828cd4fe-ebb0-4b36-a94a-d2e3a36cc989", 
        "Trans reads": 54066118, 
        "url": "https://s3.amazonaws.com/elasticbeanstalk-fourfront-webprod-wfoutput/4DNFI6S3I9XZ/pairsqc_report.html", 
        "% Long-range intrachromosomal reads": 34.673, 
        "award": "b0b9c607-f8b4-4f02-93f4-9895b461334b", 
        "Cis reads (>20kb)": 113084131, 
        "public_release": "2018-06-25", 
        "convergence": "Good", 
        "date_created": "2018-06-22T20:04:09.725166+00:00", 
        "Cis/Trans ratio": 67.654, 
        "Short cis reads (<20kb)": 158998545, 
        "schema_version": "1"
    }, 
    {
        "status": "released", 
        "submitted_by": "986b362f-4eb6-4a9c-8173-3ab267307e3a", 
        "Total reads": 126773674, 
        "aliases": [], 
        "uuid": "4cbe624e-c8ba-4793-ae92-c2d39f9c1af0", 
        "slope": -0.83, 
        "url": "https://s3.amazonaws.com/elasticbeanstalk-fourfront-webprod-wfoutput/4DNFIUZJOJW9/pairsqc_report.html", 
        "lab": "828cd4fe-ebb0-4b36-a94a-d2e3a36cc989", 
        "Trans reads": 8810250, 
        "overall_quality_status": "PASS", 
        "% Long-range intrachromosomal reads": 10.527, 
        "award": "b0b9c607-f8b4-4f02-93f4-9895b461334b", 
        "Cis reads (>20kb)": 13344851, 
        "public_release": "2018-06-25", 
        "convergence": "Not converged", 
        "date_created": "2018-06-22T18:24:47.464232+00:00", 
        "Cis/Trans ratio": 60.234, 
        "Short cis reads (<20kb)": 104618573, 
        "schema_version": "1"
    }, 
    {
        "status": "released", 
        "submitted_by": "986b362f-4eb6-4a9c-8173-3ab267307e3a", 
        "Total reads": 452922468, 
        "Short cis reads (<20kb)": 263617118, 
        "uuid": "3fe85883-38ec-4161-8d93-8f22b5880ba2", 
        "slope": -0.79, 
        "schema_version": "1", 
        "overall_quality_status": "PASS", 
        "award": "b0b9c607-f8b4-4f02-93f4-9895b461334b", 
        "Trans reads": 62876368, 
        "url": "https://s3.amazonaws.com/elasticbeanstalk-fourfront-webprod-wfoutput/4DNFIW3YHQXS/pairsqc_report.html", 
        "% Long-range intrachromosomal reads": 27.914, 
        "Cis reads (>20kb)": 126428982, 
        "public_release": "2018-06-25", 
        "convergence": "Good", 
        "date_created": "2018-06-22T22:33:12.280937+00:00", 
        "Cis/Trans ratio": 66.786, 
        "lab": "828cd4fe-ebb0-4b36-a94a-d2e3a36cc989", 
        "aliases": []
    }
]