[
    {
        "status": "released to project", 
        "submitted_by": "986b362f-4eb6-4a9c-8173-3ab267307e3a", 
        "name": "pairsamtools", 
        "title": "pairsamtools_eccd21", 
        "uuid": "58ed98d7-10d8-4c51-8166-4a813c62ef8c", 
        "award": "b0b9c607-f8b4-4f02-93f4-9895b461334b", 
        "source_url": "https://github.com/mirnylab/pairsamtools", 
        "date_created": "2018-01-16T15:20:01.415015+00:00", 
        "project_release": "2018-02-15", 
        "schema_version": "1", 
        "references": [], 
        "lab": "828cd4fe-ebb0-4b36-a94a-d2e3a36cc989", 
        "software_type": [
            "file format converter", 
            "sorter", 
            "annotater", 
            "filter"
        ], 
        "commit": "eccd21", 
        "aliases": []
    }, 
    {
        "status": "released to project", 
        "submitted_by": "986b362f-4eb6-4a9c-8173-3ab267307e3a", 
        "uuid": "42adeb1b-c46c-4ba8-b191-56036ddcd544", 
        "title": "bwa_0.7.17", 
        "lab": "828cd4fe-ebb0-4b36-a94a-d2e3a36cc989", 
        "name": "bwa", 
        "project_release": "2018-02-15", 
        "version": "0.7.17", 
        "references": [], 
        "award": "b0b9c607-f8b4-4f02-93f4-9895b461334b", 
        "software_type": [
            "aligner"
        ], 
        "date_created": "2017-12-19T14:53:26.358445+00:00", 
        "aliases": [], 
        "schema_version": "1"
    }, 
    {
        "status": "released", 
        "submitted_by": "986b362f-4eb6-4a9c-8173-3ab267307e3a", 
        "uuid": "02d636b9-d82d-4da9-950c-2ca994a13131", 
        "title": "fastqc_0.11.4", 
        "award": "b0b9c607-f8b4-4f02-93f4-9895b461334b", 
        "name": "fastqc", 
        "version": "0.11.4", 
        "references": [], 
        "lab": "828cd4fe-ebb0-4b36-a94a-d2e3a36cc989", 
        "software_type": [
            "quality metric generator"
        ], 
        "date_created": "2017-05-30T21:43:41.517466+00:00", 
        "aliases": [], 
        "schema_version": "1"
    }, 
    {
        "status": "released to project", 
        "submitted_by": "986b362f-4eb6-4a9c-8173-3ab267307e3a", 
        "uuid": "15731f58-868f-44ab-b4ed-77b82ecd032b", 
        "title": "pairsqc", 
        "award": "b0b9c607-f8b4-4f02-93f4-9895b461334b", 
        "name": "pairsqc", 
        "project_release": "2018-02-15", 
        "references": [], 
        "lab": "828cd4fe-ebb0-4b36-a94a-d2e3a36cc989", 
        "software_type": [
            "quality metric generator"
        ], 
        "date_created": "2017-12-15T22:41:13.244405+00:00", 
        "aliases": [], 
        "schema_version": "1"
    }, 
    {
        "status": "released to project", 
        "submitted_by": "986b362f-4eb6-4a9c-8173-3ab267307e3a", 
        "uuid": "9baf9f73-2d59-4eca-a326-340007b2a8b8", 
        "name": "pairix", 
        "title": "pairix_0.3.3", 
        "lab": "828cd4fe-ebb0-4b36-a94a-d2e3a36cc989", 
        "source_url": "https://github.com/4dn-dcic/pairix", 
        "project_release": "2018-02-15", 
        "version": "0.3.3", 
        "award": "b0b9c607-f8b4-4f02-93f4-9895b461334b", 
        "software_type": [
            "file format converter", 
            "indexer"
        ], 
        "date_created": "2018-01-15T02:35:08.619683+00:00", 
        "aliases": [], 
        "schema_version": "1"
    }, 
    {
        "status": "released to project", 
        "submitted_by": "986b362f-4eb6-4a9c-8173-3ab267307e3a", 
        "uuid": "b43e5d6d-f1a6-4713-9b48-8f5c060dad6c", 
        "title": "cooler_0.7.6", 
        "lab": "828cd4fe-ebb0-4b36-a94a-d2e3a36cc989", 
        "source_url": "https://github.com/mirnylab/cooler", 
        "project_release": "2018-02-15", 
        "version": "0.7.6", 
        "award": "b0b9c607-f8b4-4f02-93f4-9895b461334b", 
        "schema_version": "1", 
        "software_type": [
            "aggregator", 
            "normalizer"
        ], 
        "date_created": "2018-01-15T02:35:08.887256+00:00", 
        "aliases": [], 
        "name": "cooler"
    }, 
    {
        "status": "released to project", 
        "submitted_by": "986b362f-4eb6-4a9c-8173-3ab267307e3a", 
        "uuid": "b0c823f7-ca1e-44fb-b0f6-3eefb19eae46", 
        "title": "juicer_tools_1.8.9-cuda8", 
        "lab": "828cd4fe-ebb0-4b36-a94a-d2e3a36cc989", 
        "source_url": "https://github.com/theaidenlab/juicebox", 
        "project_release": "2018-02-15", 
        "version": "1.8.9-cuda8", 
        "award": "b0b9c607-f8b4-4f02-93f4-9895b461334b", 
        "schema_version": "1", 
        "software_type": [
            "aggregator", 
            "normalizer"
        ], 
        "date_created": "2018-02-08T20:59:42.886042+00:00", 
        "aliases": [], 
        "name": "juicer_tools"
    }, 
    {
        "status": "released to project", 
        "submitted_by": "986b362f-4eb6-4a9c-8173-3ab267307e3a", 
        "uuid": "c1c772a8-5d1c-4481-8ab7-30729f3f6cb2", 
        "title": "hic2cool_0.4.1", 
        "lab": "828cd4fe-ebb0-4b36-a94a-d2e3a36cc989", 
        "source_url": "https://github.com/4dn-dcic/hic2cool", 
        "project_release": "2018-02-15", 
        "version": "0.4.1", 
        "award": "b0b9c607-f8b4-4f02-93f4-9895b461334b", 
        "schema_version": "1", 
        "software_type": [
            "file format converter"
        ], 
        "date_created": "2018-01-15T02:35:09.004891+00:00", 
        "aliases": [], 
        "name": "hic2cool"
    }, 
    {
        "status": "released to project", 
        "submitted_by": "986b362f-4eb6-4a9c-8173-3ab267307e3a", 
        "uuid": "f3907ef2-a9fe-4324-bc54-253a4cd53e3c", 
        "title": "mcool2hic_87a912c", 
        "commit": "87a912c", 
        "lab": "828cd4fe-ebb0-4b36-a94a-d2e3a36cc989", 
        "source_url": "https://github.com/SooLee/mcool2hic", 
        "project_release": "2018-02-15", 
        "award": "b0b9c607-f8b4-4f02-93f4-9895b461334b", 
        "schema_version": "1", 
        "software_type": [
            "file format converter"
        ], 
        "date_created": "2018-02-08T20:59:43.700274+00:00", 
        "aliases": [], 
        "name": "mcool2hic"
    }
]