[
    {
        "status": "released", 
        "submitted_by": "da4f53e5-4e54-4ae7-ad75-ba47316a8bfa", 
        "description": "Mouse CCCTC-binding factor (mCTCF)", 
        "targeted_genes": [
            "13018"
        ], 
        "uuid": "4042d90e-9805-4819-bb05-6bf2ce3eda05", 
        "award": "4871e338-b07d-4665-a00a-357648e5bad6", 
        "lab": "795847de-20b6-4f8c-ba8d-185215469cbf", 
        "public_release": "2018-05-31", 
        "date_created": "2018-05-27T04:46:04.968637+00:00", 
        "aliases": [
            "ren:mouseCTCF"
        ], 
        "schema_version": "2"
    }
]